id,title,isMarketParty,backgroundImage,commentCount,minimumOrderValue,code,status,area,countReview,isExpressPin,logo,isOpen,preOrderEnabled,deliveryTime,discountValueForView,rating,__typename
113910,دیلی مارکت قریشی فردیس کرج(همواره تخفیف),False,https://cdn.snapp.express/media/cache/vendor_item_cover/uploads/images/vendors/covers/6665757330db7.jpg,0,90000,pz9k21,ACTIVE,فردیس,1,False,https://cdn.snapp.express/media/cache/vendor_logo/uploads/images/vendors/logos/666575732ac3b.jpg,True,False,30,,0,VendorListItem
55456,سوپرمارکت صالحان (فردیس فلکه سوم),False,https://cdn.snapp.express/media/cache/vendor_item_cover/uploads/images/vendors/covers/60a5011c490b6.jpg,58722,70000,0lengz,ACTIVE,فردیس,3390,False,https://cdn.snapp.express/media/cache/vendor_logo/uploads/images/vendors/logos/default.png,True,False,30,,9,VendorListItem
113301,سوپرمارکت پروتیین فردیس,False,,0,70000,0gkgvq,ACTIVE,فردیس,11,False,https://cdn.snapp.express/media/cache/vendor_logo/uploads/images/vendors/logos/default.png,True,False,30,,8.4,VendorListItem
112218,دیلی مارکت خیابان امام حسن فردیس (همواره تخفیف),False,https://cdn.snapp.express/media/cache/vendor_item_cover/uploads/images/vendors/covers/64a99f81ab31c.jpg,0,90000,37rxlg,ACTIVE,فردیس,15,False,https://cdn.snapp.express/media/cache/vendor_logo/uploads/images/vendors/logos/65b611c3719bd.jpg,True,False,30,,8,VendorListItem
113995,گندم فردیس بهاران البرز(همواره تخفیف),False,https://cdn.snapp.express/media/cache/vendor_item_cover/uploads/images/vendors/covers/6683c474105f7.png,0,80000,32zxjd,ACTIVE,فردیس,0,False,https://cdn.snapp.express/media/cache/vendor_logo/uploads/images/vendors/logos/6683c4740db14.png,True,False,30,,0,VendorListItem
113589,مینو مارت بهاران فردیس (همواره تخفیف),False,https://cdn.snapp.express/media/cache/vendor_item_cover/uploads/images/vendors/covers/65ec25d41ac77.jpg,0,80000,3ee2qm,ACTIVE,فردیس,0,False,https://cdn.snapp.express/media/cache/vendor_logo/uploads/images/vendors/logos/65ec25d3e793a.jpg,True,False,30,,8.4,VendorListItem
72535,سوپرمارکت پارسیان,False,https://cdn.snapp.express/media/cache/vendor_item_cover/uploads/images/vendors/covers/60ab43e8b9f09.jpg,4129,70000,0ryyro,ACTIVE,فردیس,335,False,https://cdn.snapp.express/media/cache/vendor_logo/uploads/images/vendors/logos/default.png,True,False,30,,9,VendorListItem
113588,مینو مارت قریشی فردیس (همواره تخفیف),False,https://cdn.snapp.express/media/cache/vendor_item_cover/uploads/images/vendors/covers/65ec1ef522412.jpg,0,80000,3xwr24,ACTIVE,فردیس,2,False,https://cdn.snapp.express/media/cache/vendor_logo/uploads/images/vendors/logos/65ec1ef506b6f.jpg,True,False,30,,8,VendorListItem
77132,سوپرمارکت بوستان,False,https://cdn.snapp.express/media/cache/vendor_item_cover/uploads/images/vendors/covers/60d2d05541d20.jpg,5689,70000,0lmx49,ACTIVE,فردیس,359,False,https://cdn.snapp.express/media/cache/vendor_logo/uploads/images/vendors/logos/default.png,True,False,30,,8.8,VendorListItem
112352,گندم فردیس کرج(همواره تخفیف),False,https://cdn.snapp.express/media/cache/vendor_item_cover/uploads/images/vendors/covers/6491aeefd0ec2.png,0,80000,0ygv1g,ACTIVE,فردیس,2,False,https://cdn.snapp.express/media/cache/vendor_logo/uploads/images/vendors/logos/6491aeefcab5b.png,True,False,30,,0,VendorListItem
112630,گندم فلکه اول فردیس(همواره تخفیف),False,https://cdn.snapp.express/media/cache/vendor_item_cover/uploads/images/vendors/covers/64fec2803089f.png,0,80000,p6zj8e,ACTIVE,فردیس,4,False,https://cdn.snapp.express/media/cache/vendor_logo/uploads/images/vendors/logos/64fec2802b238.png,True,False,30,,0,VendorListItem
114020,سوپرمارکت پدرخوب,False,,0,70000,3kj7yg,ACTIVE,فردیس,2,False,https://cdn.snapp.express/media/cache/vendor_logo/uploads/images/vendors/logos/66922afda6f28.jpg,True,False,30,,0,VendorListItem
113778,مینو مارت شهدا فردیس (همواره تخفیف),False,https://cdn.snapp.express/media/cache/vendor_item_cover/uploads/images/vendors/covers/662e471c0b441.jpg,0,80000,p6z28w,ACTIVE,فردیس,1,False,https://cdn.snapp.express/media/cache/vendor_logo/uploads/images/vendors/logos/662e471c06fbc.jpg,True,False,30,,0,VendorListItem
112693,سوپرمارکت هایپر کلاسیک,False,https://cdn.snapp.express/media/cache/vendor_item_cover/uploads/images/vendors/covers/651957de0a94e.jpg,0,70000,31zl5k,ACTIVE,فردیس,63,False,https://cdn.snapp.express/media/cache/vendor_logo/uploads/images/vendors/logos/651957de0487c.png,True,False,30,,9.2,VendorListItem
111986,فروشگاه هفت فردیس کرج (همواره تخفیف),False,https://cdn.snapp.express/media/cache/vendor_item_cover/uploads/images/vendors/covers/63f2302ca182a.png,0,80000,p4zryr,ACTIVE,فردیس,17,False,https://cdn.snapp.express/media/cache/vendor_logo/uploads/images/vendors/logos/6649af5fbb24a.png,True,False,30,,8.8,VendorListItem
109865,جانبو قریشی کرج (همواره تخفیف),False,https://cdn.snapp.express/media/cache/vendor_item_cover/uploads/images/vendors/covers/6203dd18f2401.png,1739,80000,3ezkvv,ACTIVE,فردیس,94,False,https://cdn.snapp.express/media/cache/vendor_logo/uploads/images/vendors/logos/64342aba32ce7.png,True,False,30,,9,VendorListItem
109956,جانبو حافظیه کرج (همواره تخفیف),False,https://cdn.snapp.express/media/cache/vendor_item_cover/uploads/images/vendors/covers/620b707f27ebc.png,218,80000,0ldv4k,ACTIVE,فردیس,15,False,https://cdn.snapp.express/media/cache/vendor_logo/uploads/images/vendors/logos/6603dc83b99e6.jpg,True,False,30,,8.4,VendorListItem
112354,گندم مسلم ابن عقیل(همواره تخفیف),False,https://cdn.snapp.express/media/cache/vendor_item_cover/uploads/images/vendors/covers/6491b15de426d.png,0,120000,p6zjd6,ACTIVE,فردیس,13,False,https://cdn.snapp.express/media/cache/vendor_logo/uploads/images/vendors/logos/6491b15dd82b0.png,True,False,30,,8.6,VendorListItem
110107,سوپرمارکت هایپر ایران,False,https://cdn.snapp.express/media/cache/vendor_item_cover/uploads/images/vendors/covers/6326b79a04bdd.jpg,5410,80000,0myrzv,ACTIVE,فردیس,519,False,https://cdn.snapp.express/media/cache/vendor_logo/uploads/images/vendors/logos/default.png,True,False,30,,9.6,VendorListItem
114019,سوپرمارکت سورن,False,,0,70000,0jjmd9,ACTIVE,فردیس,1,False,https://cdn.snapp.express/media/cache/vendor_logo/uploads/images/vendors/logos/6692271e266cb.jpg,True,False,30,,0,VendorListItem
110618,دیلی مارکت فردیس(همواره تخفیف),False,https://cdn.snapp.express/media/cache/vendor_item_cover/uploads/images/vendors/covers/629d944083b0b.jpg,1722,90000,37r4jx,ACTIVE,مپنا,144,False,https://cdn.snapp.express/media/cache/vendor_logo/uploads/images/vendors/logos/65b6106048f2e.jpg,True,False,30,,8.4,VendorListItem
112220,دیلی مارکت خیابان امام حسین البرز (همواره تخفیف),False,https://cdn.snapp.express/media/cache/vendor_item_cover/uploads/images/vendors/covers/64a6a3f4b010a.jpg,0,90000,3kj6dg,ACTIVE,مپنا,25,False,https://cdn.snapp.express/media/cache/vendor_logo/uploads/images/vendors/logos/65b6109359c08.jpg,True,False,30,,8.4,VendorListItem
113590,مینو مارت اهری (همواره تخفیف),False,https://cdn.snapp.express/media/cache/vendor_item_cover/uploads/images/vendors/covers/65ec2accb6053.jpg,0,80000,37rw52,ACTIVE,مپنا,0,False,https://cdn.snapp.express/media/cache/vendor_logo/uploads/images/vendors/logos/65ec2acc7df62.jpg,True,False,30,,8.6,VendorListItem
114216,سوپرمارکت فرا,False,,0,70000,3xw5gy,ACTIVE,مپنا,0,False,https://cdn.snapp.express/media/cache/vendor_logo/uploads/images/vendors/logos/66bb28e415fc5.png,True,False,30,,0,VendorListItem
113777,مینو مارت طالقانی فردیس (همواره تخفیف),False,https://cdn.snapp.express/media/cache/vendor_item_cover/uploads/images/vendors/covers/662e456bbc6ff.jpg,0,80000,pvq1wv,ACTIVE,فردیس,2,False,https://cdn.snapp.express/media/cache/vendor_logo/uploads/images/vendors/logos/662e456bb8a18.jpg,True,False,30,,9.4,VendorListItem
112216,دیلی مارکت هدایتکار مشکین دشت (همواره تخفیف),False,https://cdn.snapp.express/media/cache/vendor_item_cover/uploads/images/vendors/covers/64a99ed25ebb0.jpg,0,90000,3xwjx6,ACTIVE,مشکین دشت,5,False,https://cdn.snapp.express/media/cache/vendor_logo/uploads/images/vendors/logos/65b620ec4b3d7.jpg,True,False,30,,7.6,VendorListItem
109955,جانبو منظریه کرج (همواره تخفیف),False,https://cdn.snapp.express/media/cache/vendor_item_cover/uploads/images/vendors/covers/620b67f4a3066.png,1843,110000,0my6nq,ACTIVE,مپنا,91,False,https://cdn.snapp.express/media/cache/vendor_logo/uploads/images/vendors/logos/6603dc3889ad6.jpg,True,False,30,,8.6,VendorListItem
113220,سوپرمارکت دریانی (منظریه),False,https://cdn.snapp.express/media/cache/vendor_item_cover/uploads/images/vendors/covers/6593c78bb4c87.jpg,0,70000,3kjoxk,ACTIVE,مپنا,12,False,https://cdn.snapp.express/media/cache/vendor_logo/uploads/images/vendors/logos/65b917b95c443.png,True,False,30,,8.8,VendorListItem
112815,سوپرمارکت شهرک,False,https://cdn.snapp.express/media/cache/vendor_item_cover/uploads/images/vendors/covers/6534eb2af3b9c.jpg,0,70000,0njry2,ACTIVE,FIXME,33,False,https://cdn.snapp.express/media/cache/vendor_logo/uploads/images/vendors/logos/6534eb2aeddfd.png,True,False,30,,9,VendorListItem
114004,سوپرمارکت تی مارت (یاران دریان),False,,0,70000,0ygj7r,ACTIVE,محمدشهر,2,False,https://cdn.snapp.express/media/cache/vendor_logo/uploads/images/vendors/logos/668a3918da9bb.jpg,True,False,30,,0,VendorListItem
113817,دیلی مارکت همایون ویلا کرج (همواره تخفیف),False,https://cdn.snapp.express/media/cache/vendor_item_cover/uploads/images/vendors/covers/663f490bd4b48.jpg,0,90000,3ee21o,ACTIVE,محمدشهر,2,False,https://cdn.snapp.express/media/cache/vendor_logo/uploads/images/vendors/logos/663f490bcde49.jpg,True,False,30,,0,VendorListItem
113780,مینو مارت محمدشهر حججی کرج (همواره تخفیف),False,https://cdn.snapp.express/media/cache/vendor_item_cover/uploads/images/vendors/covers/662e4c2e3bc23.jpg,0,80000,0ljmk9,ACTIVE,محمدشهر,0,False,https://cdn.snapp.express/media/cache/vendor_logo/uploads/images/vendors/logos/662e4c2e3828c.jpg,True,False,30,,0,VendorListItem
113478,مینو مارت محمد شهر کرج (همواره تخفیف),False,https://cdn.snapp.express/media/cache/vendor_item_cover/uploads/images/vendors/covers/65d25e307d91b.jpg,0,80000,p6z24g,ACTIVE,محمدشهر,0,False,https://cdn.snapp.express/media/cache/vendor_logo/uploads/images/vendors/logos/65d25e3070ccc.jpg,True,False,30,,0,VendorListItem
109756,جانبو بعثت کرج (همواره تخفیف),False,https://cdn.snapp.express/media/cache/vendor_item_cover/uploads/images/vendors/covers/61f69172104f2.png,0,80000,0ldvxe,ACTIVE,مشکین دشت,1,False,https://cdn.snapp.express/media/cache/vendor_logo/uploads/images/vendors/logos/64342aba32ce7.png,True,False,30,,0,VendorListItem
113409,فروشگاه هفت بعثت کرج(همواره تخفیف ),False,https://cdn.snapp.express/media/cache/vendor_item_cover/uploads/images/vendors/covers/65c764d62b4fe.png,0,80000,0q152x,ACTIVE,مشکین دشت,1,False,https://cdn.snapp.express/media/cache/vendor_logo/uploads/images/vendors/logos/65c764d60abc1.png,True,False,30,,9.6,VendorListItem
110195,سوپرمارکت چارلی,False,https://cdn.snapp.express/media/cache/vendor_item_cover/uploads/images/vendors/covers/6326baf1bef49.jpg,820,70000,32qlqe,ACTIVE,مشکین دشت,91,False,https://cdn.snapp.express/media/cache/vendor_logo/uploads/images/vendors/logos/default.png,True,False,30,,9.4,VendorListItem
114010,سوپرمارکت دریان (گرمدره),False,,0,70000,pz9kjo,ACTIVE,امیرآباد,1,False,https://cdn.snapp.express/media/cache/vendor_logo/uploads/images/vendors/logos/668b8ec281d7d.jpg,True,False,30,,0,VendorListItem
114094,جانبوکرج واریان(همواره تخفیف),False,https://cdn.snapp.express/media/cache/vendor_item_cover/uploads/images/vendors/covers/66a0b7c92a58c.png,0,80000,p5zwox,ACTIVE,مشکین دشت,0,False,https://cdn.snapp.express/media/cache/vendor_logo/uploads/images/vendors/logos/66a0b7c9267ba.jpg,True,False,30,,0,VendorListItem
113776,مینو مارت رزکان (همواره تخفیف),False,https://cdn.snapp.express/media/cache/vendor_item_cover/uploads/images/vendors/covers/662e43733f728.jpg,0,80000,0ygjdm,ACTIVE,مشکین دشت,1,False,https://cdn.snapp.express/media/cache/vendor_logo/uploads/images/vendors/logos/662e43733bf39.jpg,True,False,30,,9.4,VendorListItem
111557,سوپرمارکت بوفالو,False,https://cdn.snapp.express/media/cache/vendor_item_cover/uploads/images/vendors/covers/6326a67cd872e.jpg,212,70000,0q1ynd,ACTIVE,محمدشهر,39,False,https://cdn.snapp.express/media/cache/vendor_logo/uploads/images/vendors/logos/66926a848daf5.jpg,True,False,30,,7.8,VendorListItem
112081,سوپرمارکت سهند,False,https://cdn.snapp.express/media/cache/vendor_item_cover/uploads/images/vendors/covers/6416c2c728c45.jpg,0,70000,0q167y,ACTIVE,آق تپه,47,False,https://cdn.snapp.express/media/cache/vendor_logo/uploads/images/vendors/logos/default.png,True,False,30,,8.4,VendorListItem
111679,فروشگاه هفت بنفشه البرز (همواره تخفیف),False,https://cdn.snapp.express/media/cache/vendor_item_cover/uploads/images/vendors/covers/635e1eb366055.jpeg,375,80000,0mjeny,ACTIVE,شهرك ذوب آهن,32,False,https://cdn.snapp.express/media/cache/vendor_logo/uploads/images/vendors/logos/6623d3a638a5c.png,True,False,30,,8.6,VendorListItem
55503,سوپرمارکت هایپر بنفشه (شهرک ذوب آهن),False,https://cdn.snapp.express/media/cache/vendor_item_cover/uploads/images/vendors/covers/5e7f32034e13c.jpg,5380,70000,3dmled,ACTIVE,شهرك ذوب آهن,313,False,https://cdn.snapp.express/media/cache/vendor_logo/uploads/images/vendors/logos/66769755438e3.jpg,True,False,30,,9.2,VendorListItem
113749,سوپرمارکت گلستان (شهرک بنفشه),False,,0,70000,0gkrdx,ACTIVE,شهرك ذوب آهن,9,False,https://cdn.snapp.express/media/cache/vendor_logo/uploads/images/vendors/logos/6649f2298ae3d.jpg,True,False,30,,8.8,VendorListItem
113950,دیلی مارکت شهرک جهان نما کرج(همواره تخفیف),False,https://cdn.snapp.express/media/cache/vendor_item_cover/uploads/images/vendors/covers/667682d26f65b.jpg,0,80000,09e9zk,ACTIVE,شهرک جهان نما,4,False,https://cdn.snapp.express/media/cache/vendor_logo/uploads/images/vendors/logos/667682d269c7f.jpg,True,False,30,,0,VendorListItem
112426,سوپرمارکت هایپر ستاره,False,https://cdn.snapp.express/media/cache/vendor_item_cover/uploads/images/vendors/covers/64aa8220d2423.jpg,0,70000,09ew7q,ACTIVE,کوی مهر,16,False,https://cdn.snapp.express/media/cache/vendor_logo/uploads/images/vendors/logos/64aa8220c8b93.png,True,False,30,,8,VendorListItem
112049,سوپرمارکت درخشان,False,https://cdn.snapp.express/media/cache/vendor_item_cover/uploads/images/vendors/covers/63f1fc4908727.jpg,0,70000,0gko4m,ACTIVE,کوی مهر,41,False,https://cdn.snapp.express/media/cache/vendor_logo/uploads/images/vendors/logos/default.png,True,False,30,,7.8,VendorListItem
111673,وال مارکت کیانمهر (همواره تخفیف),False,https://cdn.snapp.express/media/cache/vendor_item_cover/uploads/images/vendors/covers/635e6adbb7fcf.jpg,1163,90000,0gknqn,ACTIVE,کوی مهر,162,False,https://cdn.snapp.express/media/cache/vendor_logo/uploads/images/vendors/logos/64342de96b47f.png,True,False,30,,6.6,VendorListItem
55614,سوپرمارکت ایفل (کیانمهر),False,https://cdn.snapp.express/media/cache/vendor_item_cover/uploads/images/vendors/covers/60a5073448caf.jpg,17130,70000,p42lkj,ACTIVE,کوی مهر,1103,False,https://cdn.snapp.express/media/cache/vendor_logo/uploads/images/vendors/logos/default.png,True,False,30,,9.2,VendorListItem
113112,سوپرمارکت گادفادر,False,https://cdn.snapp.express/media/cache/vendor_item_cover/uploads/images/vendors/covers/65816deeeb13c.jpg,0,70000,pojo5q,ACTIVE,FIXME,6,False,https://cdn.snapp.express/media/cache/vendor_logo/uploads/images/vendors/logos/65816deee5211.png,True,False,30,,8.6,VendorListItem
113461,سوپرمارکت بوستان (مهرشهر),False,https://cdn.snapp.express/media/cache/vendor_item_cover/uploads/images/vendors/covers/65d1f40123efb.jpg,0,70000,p8e7k2,ACTIVE,FIXME,0,False,https://cdn.snapp.express/media/cache/vendor_logo/uploads/images/vendors/logos/65d1f4010db28.png,True,False,30,,8,VendorListItem
113824,سوپرمارکت امیر,False,,0,70000,0wq17v,ACTIVE,کوی مهر,5,False,https://cdn.snapp.express/media/cache/vendor_logo/uploads/images/vendors/logos/6693a68b00b19.jpg,True,False,30,,0,VendorListItem
55803,سوپرمارکت برادران (مهرشهر) 1,False,https://cdn.snapp.express/media/cache/vendor_item_cover/uploads/images/vendors/covers/60a510e5bca84.jpg,47175,70000,3dml6g,ACTIVE,مهرشهر - فاز سه,1714,False,https://cdn.snapp.express/media/cache/vendor_logo/uploads/images/vendors/logos/default.png,True,False,30,,7.8,VendorListItem
112424,سوپرمارکت ایران زمین,False,https://cdn.snapp.express/media/cache/vendor_item_cover/uploads/images/vendors/covers/64aa6a398f5ad.jpg,0,70000,0wq9zq,ACTIVE,کوی مهر,53,False,https://cdn.snapp.express/media/cache/vendor_logo/uploads/images/vendors/logos/64aa6a39868a0.png,True,False,30,,8.8,VendorListItem
110700,سوپرمارکت محسف,False,https://cdn.snapp.express/media/cache/vendor_item_cover/uploads/images/vendors/covers/62a5c75c5af65.jpg,2923,70000,0wq5zg,ACTIVE,آق تپه,200,False,https://cdn.snapp.express/media/cache/vendor_logo/uploads/images/vendors/logos/6692749a9fe0a.jpg,True,False,30,,8.8,VendorListItem
114092,جانبوساماندهی کیانمهر(همواره تخفیف),False,https://cdn.snapp.express/media/cache/vendor_item_cover/uploads/images/vendors/covers/66aa308661b20.png,0,80000,3kjwlg,ACTIVE,کوی مهر,0,False,https://cdn.snapp.express/media/cache/vendor_logo/uploads/images/vendors/logos/66aa30865e687.jpg,True,False,30,,0,VendorListItem
113408,فروشگاه هفت کیانمهر کرج (همواره تخفیف),False,https://cdn.snapp.express/media/cache/vendor_item_cover/uploads/images/vendors/covers/65c7625b1ea73.png,0,80000,0lje4j,ACTIVE,کیانمهر,0,False,https://cdn.snapp.express/media/cache/vendor_logo/uploads/images/vendors/logos/65c7625b01046.png,True,False,30,,9.2,VendorListItem
85691,سوپرمارکت هایپر شاهان,False,https://cdn.snapp.express/media/cache/vendor_item_cover/uploads/images/vendors/covers/6120b739a710c.jpg,1659,70000,0j24x6,ACTIVE,قلمستان,113,False,https://cdn.snapp.express/media/cache/vendor_logo/uploads/images/vendors/logos/default.png,True,False,30,,8.2,VendorListItem
111300,سوپرمارکت آذربایجان,False,https://cdn.snapp.express/media/cache/vendor_item_cover/uploads/images/vendors/covers/62ead7c6061d8.jpg,1122,70000,0wqd1g,ACTIVE,مهرشهر - فاز یک,83,False,https://cdn.snapp.express/media/cache/vendor_logo/uploads/images/vendors/logos/62ead7c5f1a97.jpg,True,False,30,,8.8,VendorListItem
113896,سوپرمارکت سید,False,,0,70000,0wq16v,ACTIVE,کوی مهر,0,False,https://cdn.snapp.express/media/cache/vendor_logo/uploads/images/vendors/logos/None,True,False,30,,0,VendorListItem
113805,سوپرمارکت آس,False,,0,70000,pvq1md,ACTIVE,FIXME,8,False,https://cdn.snapp.express/media/cache/vendor_logo/uploads/images/vendors/logos/6638977710bc0.png,True,False,30,,0,VendorListItem
113531,دیلی مارکت بلوار امیرکبیر کیانمهر(همواره تخفیف),False,https://cdn.snapp.express/media/cache/vendor_item_cover/uploads/images/vendors/covers/65dee2e7be3e8.jpg,0,90000,0mjmwq,ACTIVE,کیانمهر,1,False,https://cdn.snapp.express/media/cache/vendor_logo/uploads/images/vendors/logos/65dee2e79e006.jpg,True,False,30,,0,VendorListItem
74961,سوپرمارکت تک درخشان,False,https://cdn.snapp.express/media/cache/vendor_item_cover/uploads/images/vendors/covers/60bcc8f1c1f1a.jpg,7313,70000,p8gl4m,ACTIVE,مهرشهر - فاز یک,405,False,https://cdn.snapp.express/media/cache/vendor_logo/uploads/images/vendors/logos/default.png,True,False,30,,8.8,VendorListItem
55454,سوپرمارکت وطن (مهرشهر فاز یک),False,https://cdn.snapp.express/media/cache/vendor_item_cover/uploads/images/vendors/covers/60a5011b7a6a8.jpg,26406,70000,p674gn,ACTIVE,مهرشهر - فاز یک,1240,False,https://cdn.snapp.express/media/cache/vendor_logo/uploads/images/vendors/logos/default.png,True,False,30,,8.2,VendorListItem
111989,سوپرمارکت پرشین,False,https://cdn.snapp.express/media/cache/vendor_item_cover/uploads/images/vendors/covers/63c4f9b7036f9.jpg,18,70000,3ee682,ACTIVE,مهرشهر - فاز یک,29,False,https://cdn.snapp.express/media/cache/vendor_logo/uploads/images/vendors/logos/66926b08ea602.jpg,True,False,30,,8.8,VendorListItem
70880,سوپرمارکت اسپیناس,False,https://cdn.snapp.express/media/cache/vendor_item_cover/uploads/images/vendors/covers/60ab49a13978e.jpg,8773,80000,0lm82j,ACTIVE,مهرشهر - فاز یک,529,False,https://cdn.snapp.express/media/cache/vendor_logo/uploads/images/vendors/logos/66519e3426f62.jpg,True,False,30,,8,VendorListItem
111130,فروشگاه هفت قناد کرج (همواره تخفیف),False,https://cdn.snapp.express/media/cache/vendor_item_cover/uploads/images/vendors/covers/62e6396185f88.jpeg,327,80000,p6z4e6,ACTIVE,شهرك فهيمده,36,False,https://cdn.snapp.express/media/cache/vendor_logo/uploads/images/vendors/logos/64342a4c8225c.png,True,False,30,,8.8,VendorListItem
110816,فروشگاه هفت مصباح کرج (همواره تخفیف),False,https://cdn.snapp.express/media/cache/vendor_item_cover/uploads/images/vendors/covers/6649aedf3602a.png,941,80000,3xwynw,ACTIVE,اصفهانيها,71,False,https://cdn.snapp.express/media/cache/vendor_logo/uploads/images/vendors/logos/6649aed720e95.png,True,False,30,,8.8,VendorListItem
109817,وال مارکت توحید (همواره تخفیف),False,https://cdn.snapp.express/media/cache/vendor_item_cover/uploads/images/vendors/covers/6321c66565f0b.jpg,4176,90000,3ezkyv,ACTIVE,اصفهانيها,285,False,https://cdn.snapp.express/media/cache/vendor_logo/uploads/images/vendors/logos/64342de96b47f.png,True,False,30,,7.8,VendorListItem
111841,دیلی مارکت مهرشهر کرج(همواره تخفیف),False,https://cdn.snapp.express/media/cache/vendor_item_cover/uploads/images/vendors/covers/638611cb5b124.jpg,99,90000,3ee6q5,ACTIVE,مهرشهر - فاز چهار,15,False,https://cdn.snapp.express/media/cache/vendor_logo/uploads/images/vendors/logos/65b611ea1cc67.jpg,True,False,30,,8.4,VendorListItem
110286,اسمارت گلشهر (سوپرمارکت زنجیره ای اسنپ),False,https://cdn.snapp.express/media/cache/vendor_item_cover/uploads/images/vendors/covers/65230c9f5dd6c.png,15530,100000,p4qoej,ACTIVE,گلشهر,1328,True,https://cdn.snapp.express/media/cache/vendor_logo/uploads/images/vendors/logos/65230c9f52cab.png,True,False,30,,8.8,VendorListItem
111104,فروشگاه هفت مهرشهر کرج (همواره تخفیف),False,https://cdn.snapp.express/media/cache/vendor_item_cover/uploads/images/vendors/covers/62de9117537e7.jfif,382,80000,0ygy6g,ACTIVE,احد آباد,23,False,https://cdn.snapp.express/media/cache/vendor_logo/uploads/images/vendors/logos/64342a4c8225c.png,True,False,30,,9.2,VendorListItem
112178,گندم بلوار ارم کرج (همواره تخفیف),False,https://cdn.snapp.express/media/cache/vendor_item_cover/uploads/images/vendors/covers/646203566ba72.png,0,80000,p6zowo,ACTIVE,احد آباد,15,False,https://cdn.snapp.express/media/cache/vendor_logo/uploads/images/vendors/logos/646203565be72.png,True,False,30,,8.6,VendorListItem
114097,جانبو مهرشهر عدالت (همواره تخفیف),False,https://cdn.snapp.express/media/cache/vendor_item_cover/uploads/images/vendors/covers/66a0bcffa9b15.png,0,80000,0gk9on,ACTIVE,احد آباد,1,False,https://cdn.snapp.express/media/cache/vendor_logo/uploads/images/vendors/logos/66a0bcffa351e.jpg,True,False,30,,0,VendorListItem
114021,سوپرمارکت یاران دریان مرکزی (مهرشهر),False,,0,70000,31z4o7,ACTIVE,حسین آباد,1,False,https://cdn.snapp.express/media/cache/vendor_logo/uploads/images/vendors/logos/66923aed5c0ab.jpg,True,False,30,,0,VendorListItem
113714,فروشگاه هفت انوشیروان کرج (همواره تخفیف),False,https://cdn.snapp.express/media/cache/vendor_item_cover/uploads/images/vendors/covers/661a5cfb56fa3.png,0,80000,p4z7yr,ACTIVE,مهرویلا,1,False,https://cdn.snapp.express/media/cache/vendor_logo/uploads/images/vendors/logos/661a5cfb524c4.png,True,False,30,,9.4,VendorListItem
55887,سوپرمارکت خیام,False,https://cdn.snapp.express/media/cache/vendor_item_cover/uploads/images/vendors/covers/61d05be16aff2.jpg,69878,70000,0nqnl2,ACTIVE,گلشهر,3460,False,https://cdn.snapp.express/media/cache/vendor_logo/uploads/images/vendors/logos/default.png,True,False,30,,8.4,VendorListItem
109765,جانبو گلشهر کرج (همواره تخفیف),False,https://cdn.snapp.express/media/cache/vendor_item_cover/uploads/images/vendors/covers/61f7e6a2366d9.png,0,80000,3ezkjj,ACTIVE,گلشهر,0,False,https://cdn.snapp.express/media/cache/vendor_logo/uploads/images/vendors/logos/6643274e6070e.jpg,True,False,30,,0,VendorListItem
113741,سوپرمارکت جاده چالوس,False,,0,70000,3ee2g2,ACTIVE,ولیعصر,9,False,https://cdn.snapp.express/media/cache/vendor_logo/uploads/images/vendors/logos/665b28d444195.jpg,True,False,30,,0,VendorListItem
113526,فروشگاه هفت 22 بهمن مهرشهر(همواره تخفیف),False,https://cdn.snapp.express/media/cache/vendor_item_cover/uploads/images/vendors/covers/65ddb2d4bc6af.jpeg,0,80000,09e96y,ACTIVE,حسین آباد,2,False,https://cdn.snapp.express/media/cache/vendor_logo/uploads/images/vendors/logos/65ddb2d482616.jfif,True,False,30,,8.8,VendorListItem
109527,جانبو کوکب کرج (همواره تخفیف),False,https://cdn.snapp.express/media/cache/vendor_item_cover/uploads/images/vendors/covers/61cc44c81edf0.png,1230,80000,3d7jgd,ACTIVE,گلشهر,54,False,https://cdn.snapp.express/media/cache/vendor_logo/uploads/images/vendors/logos/64342aba32ce7.png,True,False,30,,8.6,VendorListItem
110817,فروشگاه هفت خیام غربی کرج(همواره تخفیف),False,https://cdn.snapp.express/media/cache/vendor_item_cover/uploads/images/vendors/covers/62c5452ba6f41.jfif,1227,80000,3eeloo,ACTIVE,گلشهر,80,False,https://cdn.snapp.express/media/cache/vendor_logo/uploads/images/vendors/logos/64342a4c8225c.png,True,False,30,,9,VendorListItem
110250,گندم طالقانی جنوبی (همواره تخفیف),False,https://cdn.snapp.express/media/cache/vendor_item_cover/uploads/images/vendors/covers/6224607875a67.jpg,1017,80000,09j5ld,ACTIVE,چهارصد دستگاه,68,False,https://cdn.snapp.express/media/cache/vendor_logo/uploads/images/vendors/logos/64342b3a8d27d.png,True,False,30,,7.4,VendorListItem
110561,دیلی مارکت بهار (همواره تخفیف),False,https://cdn.snapp.express/media/cache/vendor_item_cover/uploads/images/vendors/covers/627bb4dc007a8.jpg,973,90000,p8okjr,ACTIVE,اسلام آباد,52,False,https://cdn.snapp.express/media/cache/vendor_logo/uploads/images/vendors/logos/65d59d4a2b21a.jpg,True,False,30,,9,VendorListItem
113398,مینو مارت گلشهر (همواره تخفیف),False,https://cdn.snapp.express/media/cache/vendor_item_cover/uploads/images/vendors/covers/65ca132ade598.jpg,0,80000,09e7rk,ACTIVE,گلشهر,0,False,https://cdn.snapp.express/media/cache/vendor_logo/uploads/images/vendors/logos/65ca1323cf9b5.jpg,True,False,30,,8.4,VendorListItem
55542,سوپرمارکت سیانا (جهانشهر),False,https://cdn.snapp.express/media/cache/vendor_item_cover/uploads/images/vendors/covers/65228184d8dd6.jpg,19800,70000,3754m9,ACTIVE,جهانشهر,845,False,https://cdn.snapp.express/media/cache/vendor_logo/uploads/images/vendors/logos/65228184d0052.png,True,False,30,,9,VendorListItem
113524,سوپرمارکت شاتوت,False,https://cdn.snapp.express/media/cache/vendor_item_cover/uploads/images/vendors/covers/65dda5fe92bcb.jpg,0,70000,0wq1ez,ACTIVE,جهانشهر,21,False,https://cdn.snapp.express/media/cache/vendor_logo/uploads/images/vendors/logos/65dda5fe5da9f.png,True,False,30,,8,VendorListItem
93384,اسمارت عظیمیه (سوپرمارکت زنجیره ای اسنپ),False,https://cdn.snapp.express/media/cache/vendor_item_cover/uploads/images/vendors/covers/6523146d5e44b.png,75621,100000,poydrq,ACTIVE,کوی مدرس,5805,True,https://cdn.snapp.express/media/cache/vendor_logo/uploads/images/vendors/logos/6523146d57e80.png,True,False,30,,9,VendorListItem
111116,فروشگاه هفت بهار کرج (همواره تخفیف),False,https://cdn.snapp.express/media/cache/vendor_item_cover/uploads/images/vendors/covers/62dfb284269c0.jfif,417,80000,3xwyv4,ACTIVE,اسلام آباد,34,False,https://cdn.snapp.express/media/cache/vendor_logo/uploads/images/vendors/logos/64342a4c8225c.png,True,False,30,,8.4,VendorListItem
110244,گندم بهار (همواره تخفیف),False,https://cdn.snapp.express/media/cache/vendor_item_cover/uploads/images/vendors/covers/62237c5331386.jpg,1507,80000,3k9m5k,ACTIVE,اسلام آباد,90,False,https://cdn.snapp.express/media/cache/vendor_logo/uploads/images/vendors/logos/64342b3a8d27d.png,True,False,30,,6.4,VendorListItem
114135,سوپرمارکت پاسارگاد,False,,0,70000,0rqev9,ACTIVE,کرج نو,1,False,https://cdn.snapp.express/media/cache/vendor_logo/uploads/images/vendors/logos/default.png,True,False,30,,0,VendorListItem
112769,سوپرمارکت گلشهر,False,https://cdn.snapp.express/media/cache/vendor_item_cover/uploads/images/vendors/covers/652503eeaa29b.jpg,0,70000,31zl8y,ACTIVE,حصارک بالا,19,False,https://cdn.snapp.express/media/cache/vendor_logo/uploads/images/vendors/logos/652503eea3ecd.png,True,False,30,,8.6,VendorListItem
110788,سوپرمارکت نوید,False,https://cdn.snapp.express/media/cache/vendor_item_cover/uploads/images/vendors/covers/62b6b3f5b926f.jpg,2194,70000,3xwyw2,ACTIVE,کرج نو,190,False,https://cdn.snapp.express/media/cache/vendor_logo/uploads/images/vendors/logos/default.png,True,False,30,,9,VendorListItem
83817,جانبو کرج-گلشهر (همواره تخفیف),False,https://cdn.snapp.express/media/cache/vendor_item_cover/uploads/images/vendors/covers/664326c6ced57.png,3458,80000,3ew54o,ACTIVE,FIXME,208,False,https://cdn.snapp.express/media/cache/vendor_logo/uploads/images/vendors/logos/664326c6cac84.jpg,True,False,30,,8.77,VendorListItem
112771,سوپرمارکت مای,False,https://cdn.snapp.express/media/cache/vendor_item_cover/uploads/images/vendors/covers/6525090a4597f.jpg,0,70000,32z24d,ACTIVE,جهانشهر,14,False,https://cdn.snapp.express/media/cache/vendor_logo/uploads/images/vendors/logos/6525090a40b81.png,True,False,30,,7.6,VendorListItem
113818,سوپرمارکت نیلوفر آبی,False,,0,70000,37rwnm,ACTIVE,حصارک بالا,10,False,https://cdn.snapp.express/media/cache/vendor_logo/uploads/images/vendors/logos/663f4b68a4f30.png,True,False,30,,0,VendorListItem
100040,سوپرمارکت ندا,False,https://cdn.snapp.express/media/cache/vendor_item_cover/uploads/images/vendors/covers/6177d8473cbd7.jpg,6548,70000,3xgr6w,ACTIVE,حصارک بالا,413,False,https://cdn.snapp.express/media/cache/vendor_logo/uploads/images/vendors/logos/default.png,True,False,30,,9.2,VendorListItem
59975,سوپرمارکت امام رضا,False,https://cdn.snapp.express/media/cache/vendor_item_cover/uploads/images/vendors/covers/5f7d6614c296f.jpg,14535,70000,3dme5x,ACTIVE,کرج نو,758,False,https://cdn.snapp.express/media/cache/vendor_logo/uploads/images/vendors/logos/668e6f0de9c33.jpg,True,False,30,,9,VendorListItem
112103,فروشگاه هفت حدادی (همواره تخفیف),False,https://cdn.snapp.express/media/cache/vendor_item_cover/uploads/images/vendors/covers/643aabc0ad412.png,0,80000,3de51x,ACTIVE,FIXME,21,False,https://cdn.snapp.express/media/cache/vendor_logo/uploads/images/vendors/logos/66543b6bb96f1.png,True,False,30,,9.2,VendorListItem
109501,جانبو دهقان ویلا کرج (همواره تخفیف),False,https://cdn.snapp.express/media/cache/vendor_item_cover/uploads/images/vendors/covers/61ca1fdb16dce.png,405,80000,0gzwox,ACTIVE,دهقان ویلا,24,False,https://cdn.snapp.express/media/cache/vendor_logo/uploads/images/vendors/logos/66796ebbc47b8.jpg,True,False,30,,7.91,VendorListItem
114178,فروشگاه هفت جهانشهر کرج (همواره تخفیف),False,https://cdn.snapp.express/media/cache/vendor_item_cover/uploads/images/vendors/covers/66b0d7272ff18.jpeg,0,80000,p6zg26,ACTIVE,جهانشهر,0,False,https://cdn.snapp.express/media/cache/vendor_logo/uploads/images/vendors/logos/66b0d7272cc72.jfif,True,False,30,,0,VendorListItem
109685,دیلی مارکت عظیمیه (همواره تخفیف),False,https://cdn.snapp.express/media/cache/vendor_item_cover/uploads/images/vendors/covers/61e9625132915.jpg,1245,90000,p8ojlg,ACTIVE,اسلام آباد,67,False,https://cdn.snapp.express/media/cache/vendor_logo/uploads/images/vendors/logos/65b610a49f407.jpg,True,False,30,,8.4,VendorListItem
98631,سوپرمارکت بوستان (عظیمیه),False,https://cdn.snapp.express/media/cache/vendor_item_cover/uploads/images/vendors/covers/616ff5ca790bb.jpg,1543,70000,0myzmo,ACTIVE,FIXME,95,False,https://cdn.snapp.express/media/cache/vendor_logo/uploads/images/vendors/logos/default.png,True,False,30,,8.4,VendorListItem
59901,سوپرمارکت پاسداران,False,https://cdn.snapp.express/media/cache/vendor_item_cover/uploads/images/vendors/covers/64fedc7242fe3.jpg,28626,70000,0ggz5q,ACTIVE,عظیمیه,1453,False,https://cdn.snapp.express/media/cache/vendor_logo/uploads/images/vendors/logos/64fec36761900.png,True,False,30,,9.2,VendorListItem
109760,وال مارکت مهراد (همواره تخفیف),False,https://cdn.snapp.express/media/cache/vendor_item_cover/uploads/images/vendors/covers/6321c6190690f.jpg,8243,90000,po6lwj,ACTIVE,عظیمیه,433,False,https://cdn.snapp.express/media/cache/vendor_logo/uploads/images/vendors/logos/64342de96b47f.png,True,False,30,,6.8,VendorListItem
112660,سوپرمارکت مارات,False,https://cdn.snapp.express/media/cache/vendor_item_cover/uploads/images/vendors/covers/650eac2960856.jpg,0,70000,pojr7o,ACTIVE,عظیمیه,21,False,https://cdn.snapp.express/media/cache/vendor_logo/uploads/images/vendors/logos/650eac2955469.png,True,False,30,,9,VendorListItem
102338,گندم عظیمیه (همواره تخفیف),False,https://cdn.snapp.express/media/cache/vendor_item_cover/uploads/images/vendors/covers/627f70f9aaf1b.jpg,1823,120000,p4qd9r,ACTIVE,عظیمیه,124,False,https://cdn.snapp.express/media/cache/vendor_logo/uploads/images/vendors/logos/64342b3a8d27d.png,True,False,30,,8.36,VendorListItem
114091,جانبو 45 متری گلشهر(همواره تخفیف),False,https://cdn.snapp.express/media/cache/vendor_item_cover/uploads/images/vendors/covers/66a0b11850c70.png,0,80000,0jj2y9,ACTIVE,حصارک بالا,0,False,https://cdn.snapp.express/media/cache/vendor_logo/uploads/images/vendors/logos/66a0b1184cb46.jpg,True,False,30,,0,VendorListItem
113246,فروشگاه امیران بلوار ماهان(همواره تخفیف),False,,0,80000,p5zrnn,ACTIVE,جهانشهر,12,False,https://cdn.snapp.express/media/cache/vendor_logo/uploads/images/vendors/logos/65c9e33c21516.png,True,False,45,,8.2,VendorListItem
113289,سوپرمارکت کسری,False,https://cdn.snapp.express/media/cache/vendor_item_cover/uploads/images/vendors/covers/65a5042088fcb.jpg,0,80000,3eeqdo,ACTIVE,جهانشهر,0,False,https://cdn.snapp.express/media/cache/vendor_logo/uploads/images/vendors/logos/65a504207ba31.png,True,False,30,,8.8,VendorListItem
112928,سوپرمارکت دلفین,False,https://cdn.snapp.express/media/cache/vendor_item_cover/uploads/images/vendors/covers/654208c8e777f.jpg,0,70000,0ygr1g,ACTIVE,جهانشهر,7,False,https://cdn.snapp.express/media/cache/vendor_logo/uploads/images/vendors/logos/654208c8e20aa.png,True,False,30,,9,VendorListItem
113322,سوپرمارکت مهران,False,https://cdn.snapp.express/media/cache/vendor_item_cover/uploads/images/vendors/covers/65b0cae5d7235.jpg,0,70000,p5zrle,ACTIVE,عظیمیه,12,False,https://cdn.snapp.express/media/cache/vendor_logo/uploads/images/vendors/logos/66af46ef69863.jpg,True,False,30,,8.4,VendorListItem
111134,فروشگاه هفت حصارک (همواره تخفیف),False,https://cdn.snapp.express/media/cache/vendor_item_cover/uploads/images/vendors/covers/62e63deb68307.jpeg,400,80000,pz96jw,ACTIVE,حصارک بالا,46,False,https://cdn.snapp.express/media/cache/vendor_logo/uploads/images/vendors/logos/64342a4c8225c.png,True,False,30,,8.6,VendorListItem
109935,فروشگاه هفت حیدر آباد (همواره تخفیف),False,https://cdn.snapp.express/media/cache/vendor_item_cover/uploads/images/vendors/covers/620a18d425bf3.jpeg,1202,80000,0rorl9,ACTIVE,گوهردشت,74,False,https://cdn.snapp.express/media/cache/vendor_logo/uploads/images/vendors/logos/662dfa1a29d2e.png,True,False,30,,8.4,VendorListItem
67673,سوپرمارکت پارسه,False,https://cdn.snapp.express/media/cache/vendor_item_cover/uploads/images/vendors/covers/60ab5051a0ef1.jpg,2996,70000,0ggqdm,ACTIVE,کوی مدرس,167,False,https://cdn.snapp.express/media/cache/vendor_logo/uploads/images/vendors/logos/default.png,True,False,30,,8.6,VendorListItem
113779,مینو مارت بنی نجار حیدرآباد (همواره تخفیف),False,https://cdn.snapp.express/media/cache/vendor_item_cover/uploads/images/vendors/covers/662e4a29c2cb6.jpg,0,80000,0mjmkv,ACTIVE,گوهردشت,1,False,https://cdn.snapp.express/media/cache/vendor_logo/uploads/images/vendors/logos/662e4a29bf848.jpg,True,False,30,,0,VendorListItem
113587,مینو مارت گوهردشت (همواره تخفیف),False,https://cdn.snapp.express/media/cache/vendor_item_cover/uploads/images/vendors/covers/65ec1cdc6d198.jpg,0,80000,0njwq6,ACTIVE,كوی قائم,1,False,https://cdn.snapp.express/media/cache/vendor_logo/uploads/images/vendors/logos/65ec1cdc3b158.jpg,True,False,30,,8,VendorListItem
114218,سوپرمارکت یاران دریان (برادران صحیفه),False,,0,45000,37r9ox,ACTIVE,حسن آباد,0,False,https://cdn.snapp.express/media/cache/vendor_logo/uploads/images/vendors/logos/66c239d293b1c.jpg,True,False,30,,0,VendorListItem
113735,سوپرمارکت لوتوس,False,,0,70000,0rqy41,ACTIVE,عظیمیه,8,False,https://cdn.snapp.express/media/cache/vendor_logo/uploads/images/vendors/logos/661d130bf233a.png,True,False,30,,8.6,VendorListItem
113708,سوپرمارکت لیدر,False,,0,70000,0ljm59,ACTIVE,كوی قائم,3,False,https://cdn.snapp.express/media/cache/vendor_logo/uploads/images/vendors/logos/6615148f9c6ff.png,True,False,30,,8.2,VendorListItem
69608,سوپرمارکت بنیتا,False,https://cdn.snapp.express/media/cache/vendor_item_cover/uploads/images/vendors/covers/60ab4e4a34d1b.jpg,13963,70000,0lmn9j,ACTIVE,گوهردشت,602,False,https://cdn.snapp.express/media/cache/vendor_logo/uploads/images/vendors/logos/default.png,True,False,30,,8.8,VendorListItem
109689,دیلی مارکت تربیت مربی (همواره تخفیف),False,https://cdn.snapp.express/media/cache/vendor_item_cover/uploads/images/vendors/covers/620cde9a194ac.jpg,869,90000,3ezk8o,ACTIVE,حسن آباد,41,False,https://cdn.snapp.express/media/cache/vendor_logo/uploads/images/vendors/logos/65b610b492aab.jpg,True,False,30,,8.6,VendorListItem
65815,سوپرمارکت گلستان,False,https://cdn.snapp.express/media/cache/vendor_item_cover/uploads/images/vendors/covers/60a7a4900dafb.jpg,6994,70000,0nq9dv,ACTIVE,حسن آباد,377,False,https://cdn.snapp.express/media/cache/vendor_logo/uploads/images/vendors/logos/default.png,True,False,30,,8.8,VendorListItem
91979,سوپرمارکت جم,False,https://cdn.snapp.express/media/cache/vendor_item_cover/uploads/images/vendors/covers/6147248a39492.jpg,7429,70000,0m9o2q,ACTIVE,FIXME,598,False,https://cdn.snapp.express/media/cache/vendor_logo/uploads/images/vendors/logos/default.png,True,False,30,,8.6,VendorListItem
113529,دیلی مارکت رجایی شهر کرج (همواره تخفیف),False,https://cdn.snapp.express/media/cache/vendor_item_cover/uploads/images/vendors/covers/65dedd8c5e933.jpg,0,90000,pvq1r5,ACTIVE,كوی قائم,7,False,https://cdn.snapp.express/media/cache/vendor_logo/uploads/images/vendors/logos/65dedd8c22a97.jpg,True,False,30,,8,VendorListItem
114095,جانبوحصارک(همواره تخفیف),False,https://cdn.snapp.express/media/cache/vendor_item_cover/uploads/images/vendors/covers/66a0bc059334c.png,0,80000,32z17l,ACTIVE,حصارک بالا,0,False,https://cdn.snapp.express/media/cache/vendor_logo/uploads/images/vendors/logos/66a0bc058ebe9.jpg,True,False,30,,0,VendorListItem
111842,دیلی مارکت شاهین ویلا کرج (همواره تخفیف),False,https://cdn.snapp.express/media/cache/vendor_item_cover/uploads/images/vendors/covers/63861166e658c.jpg,308,90000,37rx5x,ACTIVE,FIXME,55,False,https://cdn.snapp.express/media/cache/vendor_logo/uploads/images/vendors/logos/65b61191baac7.jpg,True,False,30,,8.4,VendorListItem
109471,سوپرمارکت سعید (گوهردشت),False,https://cdn.snapp.express/media/cache/vendor_item_cover/uploads/images/vendors/covers/61bdc0f041311.jpg,1697,70000,32q87q,ACTIVE,گوهردشت,116,False,https://cdn.snapp.express/media/cache/vendor_logo/uploads/images/vendors/logos/668419f868fab.jpg,True,False,30,,8.4,VendorListItem
60626,سوپرمارکت پسران خوب,False,https://cdn.snapp.express/media/cache/vendor_item_cover/uploads/images/vendors/covers/60a773b6e47ec.jpg,39891,70000,097ly6,ACTIVE,گوهردشت,1649,False,https://cdn.snapp.express/media/cache/vendor_logo/uploads/images/vendors/logos/default.png,True,False,30,,9,VendorListItem
113412,سوپرمارکت ارکیده,False,https://cdn.snapp.express/media/cache/vendor_item_cover/uploads/images/vendors/covers/65ca174085528.jpg,0,70000,pojoek,ACTIVE,گوهردشت,1,False,https://cdn.snapp.express/media/cache/vendor_logo/uploads/images/vendors/logos/65ca174067c31.png,True,False,30,,8.2,VendorListItem
55464,سوپرمارکت پینار (گوهردشت),False,https://cdn.snapp.express/media/cache/vendor_item_cover/uploads/images/vendors/covers/60a50125ef4bd.jpg,48510,70000,3x2ygy,ACTIVE,گوهردشت,2223,False,https://cdn.snapp.express/media/cache/vendor_logo/uploads/images/vendors/logos/default.png,True,False,30,,9,VendorListItem
111558,سوپرمارکت دوستان,False,https://cdn.snapp.express/media/cache/vendor_item_cover/uploads/images/vendors/covers/6326a96b3948b.jpg,965,70000,pz9nl1,ACTIVE,گوهردشت,89,False,https://cdn.snapp.express/media/cache/vendor_logo/uploads/images/vendors/logos/default.png,True,False,30,,8.6,VendorListItem
114096,جانبوگوهردشت(همواره تخفیف),False,https://cdn.snapp.express/media/cache/vendor_item_cover/uploads/images/vendors/covers/66a0bcb486dd4.png,0,80000,0wq4e5,ACTIVE,گوهردشت,0,False,https://cdn.snapp.express/media/cache/vendor_logo/uploads/images/vendors/logos/66a0bcb47f7df.jpg,True,False,30,,0,VendorListItem
66298,سوپرمارکت بابا حیدر,False,https://cdn.snapp.express/media/cache/vendor_item_cover/uploads/images/vendors/covers/60a8eb54b357e.jpg,12709,70000,097z6q,ACTIVE,شاهین ویلا,829,False,https://cdn.snapp.express/media/cache/vendor_logo/uploads/images/vendors/logos/default.png,True,False,30,,8.8,VendorListItem
113874,سوپرمارکت دریانی ( باغستان),False,,0,70000,09e9md,ACTIVE,شاهین ویلا,4,False,https://cdn.snapp.express/media/cache/vendor_logo/uploads/images/vendors/logos/666099fc6bc2d.jpg,True,False,30,,0,VendorListItem
85853,جانبو رجایی شهر کرج (همواره تخفیف),False,https://cdn.snapp.express/media/cache/vendor_item_cover/uploads/images/vendors/covers/66936ff850735.jpg,2077,80000,pve1x1,ACTIVE,گوهردشت,122,False,https://cdn.snapp.express/media/cache/vendor_logo/uploads/images/vendors/logos/66936ff84cf97.png,True,False,30,,7.8,VendorListItem
114006,سوپرمارکت یاران دریان بنیاد,False,,0,70000,p6z2eg,ACTIVE,شاهین ویلا,0,False,https://cdn.snapp.express/media/cache/vendor_logo/uploads/images/vendors/logos/668a3ccb52ab0.jpg,True,False,30,,0,VendorListItem
112768,فروشگاه هفت شاهین ویلا کرج(همواره تخفیف),False,https://cdn.snapp.express/media/cache/vendor_item_cover/uploads/images/vendors/covers/6524fe9c52a75.png,0,80000,3kjveq,ACTIVE,شاهین ویلا,6,False,https://cdn.snapp.express/media/cache/vendor_logo/uploads/images/vendors/logos/6524fe9c47c51.png,True,False,30,,8,VendorListItem
58591,سوپرمارکت دیمو,False,https://cdn.snapp.express/media/cache/vendor_item_cover/uploads/images/vendors/covers/64e9ce00e16a6.jpg,14988,70000,0j4mzg,ACTIVE,شاهین ویلا,1207,False,https://cdn.snapp.express/media/cache/vendor_logo/uploads/images/vendors/logos/64e9ce00db9b3.png,True,False,30,,8,VendorListItem
74963,سوپرمارکت رضا کوچولو,False,https://cdn.snapp.express/media/cache/vendor_item_cover/uploads/images/vendors/covers/60bccc0304bb9.jpg,18838,70000,0nwerz,ACTIVE,گوهردشت,813,False,https://cdn.snapp.express/media/cache/vendor_logo/uploads/images/vendors/logos/default.png,True,False,30,,8.8,VendorListItem
112982,فروشگاه هفت رجایی شهر (همواره تخفیف),False,https://cdn.snapp.express/media/cache/vendor_item_cover/uploads/images/vendors/covers/6559d5db6a327.png,0,80000,pz98vw,ACTIVE,گوهردشت,1,False,https://cdn.snapp.express/media/cache/vendor_logo/uploads/images/vendors/logos/6559d5db62e6e.png,True,False,30,,8.4,VendorListItem
112054,سوپرمارکت سورنا,False,https://cdn.snapp.express/media/cache/vendor_item_cover/uploads/images/vendors/covers/63f4781e3db98.jpg,0,70000,p6zo8e,ACTIVE,باغستان,46,False,https://cdn.snapp.express/media/cache/vendor_logo/uploads/images/vendors/logos/668e4026e181f.jpg,True,False,30,,8.4,VendorListItem
112929,سوپرمارکت امید,False,https://cdn.snapp.express/media/cache/vendor_item_cover/uploads/images/vendors/covers/65420c1f3b4e1.jpg,0,70000,pvqjx5,ACTIVE,باغستان,2,False,https://cdn.snapp.express/media/cache/vendor_logo/uploads/images/vendors/logos/65420c1f364d5.png,True,False,30,,8.2,VendorListItem
